{
	"description": "项目配置文件。",
	"setting": {
		"urlCheck": true,
		"es6": true,
		"postcss": true,
		"minified": true,
		"newFeature": true,
		"autoAudits": false,
		"checkInvalidKey": true
	},
	"miniprogramRoot": "dist/wx/",
	"compileType": "miniprogram",
	"appid": "wx3375420e2c184d34",
	"projectname": "my_sign",
	"simulatorType": "wechat",
	"simulatorPluginLibVersion": {},
	"condition": {
		"search": {
			"current": -1,
			"list": []
		},
		"conversation": {
			"current": -1,
			"list": []
		},
		"plugin": {
			"current": -1,
			"list": []
		},
		"game": {
			"currentL": -1,
			"list": []
		},
		"miniprogram": {
			"current": 5,
			"list": [
				{
					"id": -1,
					"name": "添加面试",
					"pathName": "pages/addinterview/main",
					"query": "",
					"scene": null
				},
				{
					"id": -1,
					"name": "面试列表",
					"pathName": "pages/interviewlist/main",
					"query": "",
					"scene": null
				},
				{
					"id": -1,
					"name": "面试详情",
					"pathName": "pages/listdetail/main",
					"query": "",
					"scene": null
				},
				{
					"id": -1,
					"name": "打卡页面",
					"pathName": "pages/clock/main",
					"query": "",
					"scene": null
				},
				{
					"id": -1,
					"name": "匹配地址",
					"pathName": "pages/site/main",
					"query": "",
					"scene": null
				},
				{
					"id": -1,
					"name": "个人中心",
					"pathName": "pages/personal/main",
					"scene": null
				}
			]
		}
	}
}